"Hotel","ArticleFound","ArticleChars","Image","CentralPark","NewYork"
"1-hotel-central-park","True","0","/hotel-hero-editorial.png","True","True"
"1-hotel-san-francisco","True","0","/hotel-hero-editorial.png","True","True"
"1-hotel-south-beach","True","0","/hotel-hero-editorial.png","True","True"
"1-hotel-toronto","True","0","/hotel-hero-editorial.png","True","True"
"1-hotel-west-hollywood","True","0","/hotel-hero-editorial.png","True","True"
"137-pillars-suites-residences-bangkok","True","0","/hotel-hero-editorial.png","True","True"
"1828-smart-hotel","True","0","/hotel-hero-editorial.png","True","True"
"21c-museum-hotel-chicago","True","0","/hotel-hero-editorial.png","True","True"
"25hours-hotel-bikini-berlin","True","0","/hotel-hero-editorial.png","True","True"
"25hours-hotel-langstrasse","True","0","/hotel-hero-editorial.png","True","True"
"25hours-hotel-z-rich-west","True","0","/hotel-hero-editorial.png","True","True"
"54-on-bath","True","0","/hotel-hero-editorial.png","True","True"
"ac-hotel-santiago-costanera-center","True","0","/hotel-hero-editorial.png","True","True"
"ace-hotel-kyoto","True","0","/hotel-hero-editorial.png","True","True"
"ace-hotel-toronto","True","0","/hotel-hero-editorial.png","True","True"
"acqualina-resort-residences","True","0","/hotel-hero-editorial.png","True","True"
"address-downtown","True","0","/hotel-hero-editorial.png","True","True"
"address-sky-view","True","0","/hotel-hero-editorial.png","True","True"
"adelphi-hotel","True","0","/hotel-hero-editorial.png","True","True"
"african-pride-melrose-arch-hotel","True","0","/hotel-hero-editorial.png","True","True"
"agora-kyoto-shijo","True","0","/hotel-hero-editorial.png","True","True"
"al-messila-a-luxury-collection-resort-spa","True","0","/hotel-hero-editorial.png","True","True"
"alchymist-grand-hotel-and-spa","True","0","/hotel-hero-editorial.png","True","True"
"alden-suite-hotel-splugenschloss-zurich","True","0","/hotel-hero-editorial.png","True","True"
"aleph-doha-residences-curio-collection-by-hilton","True","0","/hotel-hero-editorial.png","True","True"
"algodon-mansion","True","0","/hotel-hero-editorial.png","True","True"
"alila-seminyak","True","0","/hotel-hero-editorial.png","True","True"
"alila-villas-uluwatu","True","0","/hotel-hero-editorial.png","True","True"
"almanac-barcelona","True","0","/hotel-hero-editorial.png","True","True"
"aloft-kuala-lumpur-sentral","True","0","/hotel-hero-editorial.png","True","True"
"alohilani-resort-waikiki-beach","True","0","/hotel-hero-editorial.png","True","True"
"altis-avenida-hotel","True","0","/hotel-hero-editorial.png","True","True"
"alvear-palace-hotel","True","0","/hotel-hero-editorial.png","True","True"
"aman-kyoto","True","0","/hotel-hero-editorial.png","True","True"
"aman-tokyo","True","0","/hotel-hero-editorial.png","True","True"
"amandari","True","0","/hotel-hero-editorial.png","True","True"
"amanjena-resort","True","0","/hotel-hero-editorial.png","True","True"
"amankila","True","0","/hotel-hero-editorial.png","True","True"
"ambassade-hotel","True","0","/hotel-hero-editorial.png","True","True"
"anantara-grand-hotel-krasnapolsky-amsterdam","True","0","/hotel-hero-editorial.png","True","True"
"anantara-palais-hansen-vienna-hotel","True","0","/hotel-hero-editorial.png","True","True"
"anantara-palazzo-naiadi-rome-hotel","True","0","/hotel-hero-editorial.png","True","True"
"anantara-siam-bangkok-hotel","True","0","/hotel-hero-editorial.png","True","True"
"anantara-the-marker-dublin","True","0","/hotel-hero-editorial.png","True","True"
"andaz-5th-avenue","True","0","/hotel-hero-editorial.png","True","True"
"andaz-amsterdam-prinsengracht","True","0","/hotel-hero-editorial.png","True","True"
"andaz-bali","True","0","/hotel-hero-editorial.png","True","True"
"andaz-capital-gate-abu-dhabi","True","0","/hotel-hero-editorial.png","True","True"
"andaz-condesa-mexico-city","True","0","/hotel-hero-editorial.png","True","True"
"andaz-dubai-the-palm","True","0","/hotel-hero-editorial.png","True","True"
"andaz-london-liverpool-street","True","0","/hotel-hero-editorial.png","True","True"
"andaz-mayakoba","True","0","/hotel-hero-editorial.png","True","True"
"andaz-pattaya-jomtien-beach","True","0","/hotel-hero-editorial.png","True","True"
"andaz-prague","True","0","/hotel-hero-editorial.png","True","True"
"andaz-seoul-gangnam","True","0","/hotel-hero-editorial.png","True","True"
"andaz-singapore","True","0","/hotel-hero-editorial.png","True","True"
"andaz-tokyo-toranomon-hills","True","0","/hotel-hero-editorial.png","True","True"
"andaz-vienna-am-belvedere","True","0","/hotel-hero-editorial.png","True","True"
"arena-copacabana-hotel","True","0","/hotel-hero-editorial.png","True","True"
"aria-hotel-prague","True","0","/hotel-hero-editorial.png","True","True"
"aria-resort-casino","True","0","/hotel-hero-editorial.png","True","True"
"armani-hotel-dubai","True","0","/hotel-hero-editorial.png","True","True"
"armani-hotel-milano","True","0","/hotel-hero-editorial.png","True","True"
"aston-waikiki-beach-tower","True","0","/hotel-hero-editorial.png","True","True"
"athens-capital-hotel-mgallery","True","0","/hotel-hero-editorial.png","True","True"
"athenswas-hotel","True","0","/hotel-hero-editorial.png","True","True"
"atlantis-the-palm","True","0","/hotel-hero-editorial.png","True","True"
"atlantis-the-royal","True","0","/hotel-hero-editorial.png","True","True"
"b2-hotel-zurich","True","0","/hotel-hero-editorial.png","True","True"
"bab-al-qasr-hotel","True","0","/hotel-hero-editorial.png","True","True"
"baglioni-hotel-regina","True","0","/hotel-hero-editorial.png","True","True"
"bairro-alto-hotel","True","0","/hotel-hero-editorial.png","True","True"
"banana-island-resort-doha-by-anantara","True","0","/hotel-hero-editorial.png","True","True"
"banyan-tree-club-spa-seoul","True","0","/hotel-hero-editorial.png","True","True"
"banyan-tree-kuala-lumpur","True","0","/hotel-hero-editorial.png","True","True"
"banyan-tree-mayakoba","True","0","/hotel-hero-editorial.png","True","True"
"barcel-torre-de-madrid","True","0","/hotel-hero-editorial.png","True","True"
"baron-hotel-cairo","True","0","/hotel-hero-editorial.png","True","True"
"baur-au-lac","True","0","/hotel-hero-editorial.png","True","True"
"beacon-grand","True","0","/hotel-hero-editorial.png","True","True"
"bellagio","True","0","/hotel-hero-editorial.png","True","True"
"belmond-maroma-resort","True","0","/hotel-hero-editorial.png","True","True"
"bisha-hotel-toronto","True","0","/hotel-hero-editorial.png","True","True"
"bless-hotel-madrid","True","0","/hotel-hero-editorial.png","True","True"
"blue-horizon-hotel","True","0","/hotel-hero-editorial.png","True","True"
"blue-tree-premium-faria-lima","True","0","/hotel-hero-editorial.png","True","True"
"boho-hotel-prague","True","0","/hotel-hero-editorial.png","True","True"
"brick-hotel-mexico-city","True","0","/hotel-hero-editorial.png","True","True"
"bulgari-hotel-milano","True","0","/hotel-hero-editorial.png","True","True"
"bulgari-resort-dubai","True","0","/hotel-hero-editorial.png","True","True"
"burj-al-arab-jumeirah","True","0","/hotel-hero-editorial.png","True","True"
"bvlgari-hotel-bali","True","0","/hotel-hero-editorial.png","True","True"
"bvlgari-hotel-dubai","True","0","/hotel-hero-editorial.png","True","True"
"bvlgari-hotel-london","True","0","/hotel-hero-editorial.png","True","True"
"bvlgari-hotel-paris","True","0","/hotel-hero-editorial.png","True","True"
"bvlgari-hotel-rome","True","0","/hotel-hero-editorial.png","True","True"
"bvlgari-hotel-tokyo","True","0","/hotel-hero-editorial.png","True","True"
"caesars-palace","True","0","/hotel-hero-editorial.png","True","True"
"cairo-marriott-hotel-omar-khayyam-casino","True","0","/hotel-hero-editorial.png","True","True"
"candeo-hotels-osaka-namba","True","0","/hotel-hero-editorial.png","True","True"
"cape-grace","True","0","/hotel-hero-editorial.png","True","True"
"capella-bangkok","True","0","/hotel-hero-editorial.png","True","True"
"capella-singapore","True","0","/hotel-hero-editorial.png","True","True"
"capella-sydney","True","0","/hotel-hero-editorial.png","True","True"
"capella-ubud-bali","True","0","/hotel-hero-editorial.png","True","True"
"carillon-miami-wellness-resort","True","0","/hotel-hero-editorial.png","True","True"
"casa-cipriani-milano","True","0","/hotel-hero-editorial.png","True","True"
"casa-del-mar","True","0","/hotel-hero-editorial.png","True","True"
"casa-fuster","True","0","/hotel-hero-editorial.png","True","True"
"casa-polanco","True","0","/hotel-hero-editorial.png","True","True"
"casasur-recoleta","True","0","/hotel-hero-editorial.png","True","True"
"cerulean-tower-tokyu-hotel","True","0","/hotel-hero-editorial.png","True","True"
"chateau-marmont","True","0","/hotel-hero-editorial.png","True","True"
"chatrium-hotel-riverside-bangkok","True","0","/hotel-hero-editorial.png","True","True"
"chelsea-hotel-toronto","True","0","/hotel-hero-editorial.png","True","True"
"cheval-blanc-paris","True","0","/hotel-hero-editorial.png","True","True"
"ciragan-palace-kempinski-istanbul","True","0","/hotel-hero-editorial.png","True","True"
"claridge-s","True","0","/hotel-hero-editorial.png","True","True"
"clico-boutique-hotel","True","0","/hotel-hero-editorial.png","True","True"
"coco-mat-athens-bc","True","0","/hotel-hero-editorial.png","True","True"
"coco-mat-hotel-nafsika","True","0","/hotel-hero-editorial.png","True","True"
"como-shambhala-estate","True","0","/hotel-hero-editorial.png","True","True"
"como-uma-ubud","True","0","/hotel-hero-editorial.png","True","True"
"condesa-df","True","0","/hotel-hero-editorial.png","True","True"
"conrad-abu-dhabi-etihad-towers","True","0","/hotel-hero-editorial.png","True","True"
"conrad-bangkok","True","0","/hotel-hero-editorial.png","True","True"
"conrad-cairo","True","0","/hotel-hero-editorial.png","True","True"
"conrad-dublin","True","0","/hotel-hero-editorial.png","True","True"
"conrad-istanbul-bosphorus","True","0","/hotel-hero-editorial.png","True","True"
"conrad-london-st-james","True","0","/hotel-hero-editorial.png","True","True"
"conrad-new-york-downtown","True","0","/hotel-hero-editorial.png","True","True"
"conrad-osaka","True","0","/hotel-hero-editorial.png","True","True"
"conrad-seoul","True","0","/hotel-hero-editorial.png","True","True"
"conrad-singapore-marina-bay","True","0","/hotel-hero-editorial.png","True","True"
"conrad-singapore-orchard","True","0","/hotel-hero-editorial.png","True","True"
"conrad-tokyo","True","0","/hotel-hero-editorial.png","True","True"
"conservatorium-hotel-amsterdam","True","0","/hotel-hero-editorial.png","True","True"
"copacabana-palace-a-belmond-hotel","True","0","/hotel-hero-editorial.png","True","True"
"cordis-auckland","True","0","/hotel-hero-editorial.png","True","True"
"cordis-hong-kong","True","0","/hotel-hero-editorial.png","True","True"
"corinthia-lisbon","True","0","/hotel-hero-editorial.png","True","True"
"corinthia-london","True","0","/hotel-hero-editorial.png","True","True"
"corpo-santo-lisbon-historical-hotel","True","0","/hotel-hero-editorial.png","True","True"
"cosmopolitan-hotel-prague","True","0","/hotel-hero-editorial.png","True","True"
"cotton-house-hotel-autograph-collection","True","0","/hotel-hero-editorial.png","True","True"
"cross-hotel-kyoto","True","0","/hotel-hero-editorial.png","True","True"
"cross-hotel-osaka","True","0","/hotel-hero-editorial.png","True","True"
"crown-metropol-melbourne","True","0","/hotel-hero-editorial.png","True","True"
"crown-towers-melbourne","True","0","/hotel-hero-editorial.png","True","True"
"dar-ahlam","True","0","/hotel-hero-editorial.png","True","True"
"davinci-hotel-and-suites","True","0","/hotel-hero-editorial.png","True","True"
"dear-hotel-madrid","True","0","/hotel-hero-editorial.png","True","True"
"delta-hotels-by-marriott-toronto","True","0","/hotel-hero-editorial.png","True","True"
"dhawa-yura-kyoto","True","0","/hotel-hero-editorial.png","True","True"
"distrikt-hotel-new-york-city","True","0","/hotel-hero-editorial.png","True","True"
"divani-apollon-palace-thalasso","True","0","/hotel-hero-editorial.png","True","True"
"doubletree-by-hilton-london-west-end","True","0","/hotel-hero-editorial.png","True","True"
"doubletree-by-hilton-new-york-times-square-west","True","0","/hotel-hero-editorial.png","True","True"
"dusit-thani-kyoto","True","0","/hotel-hero-editorial.png","True","True"
"dusit-thani-lakeview-cairo","True","0","/hotel-hero-editorial.png","True","True"
"dylan-hotel-dublin","True","0","/hotel-hero-editorial.png","True","True"
"eden-roc-miami-beach","True","0","/hotel-hero-editorial.png","True","True"
"electra-metropolis-athens","True","0","/hotel-hero-editorial.png","True","True"
"ellerman-house","True","0","/hotel-hero-editorial.png","True","True"
"emiliano-rio","True","0","/hotel-hero-editorial.png","True","True"
"emiliano-sao-paulo","True","0","/hotel-hero-editorial.png","True","True"
"emirates-palace-mandarin-oriental","True","0","/hotel-hero-editorial.png","True","True"
"emperador-hotel-buenos-aires","True","0","/hotel-hero-editorial.png","True","True"
"encore-las-vegas","True","0","/hotel-hero-editorial.png","True","True"
"epic-sana-lisboa-hotel","True","0","/hotel-hero-editorial.png","True","True"
"eq-kuala-lumpur","True","0","/hotel-hero-editorial.png","True","True"
"ergon-house-athens","True","0","/hotel-hero-editorial.png","True","True"
"es-saadi-marrakech-resort","True","0","/hotel-hero-editorial.png","True","True"
"espacio-the-jewel-of-waikiki","True","0","/hotel-hero-editorial.png","True","True"
"excellence-playa-mujeres","True","0","/hotel-hero-editorial.png","True","True"
"excelsior-hotel-gallia","True","0","/hotel-hero-editorial.png","True","True"
"exchange-hotel-vancouver","True","0","/hotel-hero-editorial.png","True","True"
"fable-auckland","True","0","/hotel-hero-editorial.png","True","True"
"faena-hotel-buenos-aires","True","0","/hotel-hero-editorial.png","True","True"
"faena-hotel-miami-beach","True","0","/hotel-hero-editorial.png","True","True"
"fairlawns-boutique-hotel-spa","True","0","/hotel-hero-editorial.png","True","True"
"fairmont-ambassador-seoul","True","0","/hotel-hero-editorial.png","True","True"
"fairmont-bab-al-bahr","True","0","/hotel-hero-editorial.png","True","True"
"fairmont-doha","True","0","/hotel-hero-editorial.png","True","True"
"fairmont-hotel-vancouver","True","0","/hotel-hero-editorial.png","True","True"
"fairmont-mayakoba","True","0","/hotel-hero-editorial.png","True","True"
"fairmont-miramar-hotel-bungalows","True","0","/hotel-hero-editorial.png","True","True"
"fairmont-nile-city","True","0","/hotel-hero-editorial.png","True","True"
"fairmont-pacific-rim","True","0","/hotel-hero-editorial.png","True","True"
"fairmont-rio-de-janeiro-copacabana","True","0","/hotel-hero-editorial.png","True","True"
"fairmont-royal-palm-marrakech","True","0","/hotel-hero-editorial.png","True","True"
"fairmont-royal-york","True","0","/hotel-hero-editorial.png","True","True"
"fairmont-san-francisco","True","0","/hotel-hero-editorial.png","True","True"
"fairmont-singapore","True","0","/hotel-hero-editorial.png","True","True"
"fasano-rio-de-janeiro","True","0","/hotel-hero-editorial.png","True","True"
"fasano-sao-paulo-jardins","True","0","/hotel-hero-editorial.png","True","True"
"flemings-mayfair","True","0","/hotel-hero-editorial.png","True","True"
"fontainebleau-las-vegas","True","0","/hotel-hero-editorial.png","True","True"
"fontainebleau-miami-beach","True","0","/hotel-hero-editorial.png","True","True"
"four-seasons-astir-palace-hotel-athens","True","0","/hotel-hero-editorial.png","True","True"
"four-seasons-hotel-abu-dhabi-at-al-maryah-island","True","0","/hotel-hero-editorial.png","True","True"
"four-seasons-hotel-at-the-surf-club","True","0","/hotel-hero-editorial.png","True","True"
"four-seasons-hotel-bangkok-at-chao-phraya-river","True","0","/hotel-hero-editorial.png","True","True"
"four-seasons-hotel-buenos-aires","True","0","/hotel-hero-editorial.png","True","True"
"four-seasons-hotel-cairo-at-nile-plaza","True","0","/hotel-hero-editorial.png","True","True"
"four-seasons-hotel-cairo-at-the-first-residence","True","0","/hotel-hero-editorial.png","True","True"
"four-seasons-hotel-chicago","True","0","/hotel-hero-editorial.png","True","True"
"four-seasons-hotel-doha","True","0","/hotel-hero-editorial.png","True","True"
"four-seasons-hotel-dubai-international-financial-centre","True","0","/hotel-hero-editorial.png","True","True"
"four-seasons-hotel-george-v-paris","True","0","/hotel-hero-editorial.png","True","True"
"four-seasons-hotel-hong-kong","True","0","/hotel-hero-editorial.png","True","True"
"four-seasons-hotel-istanbul-at-sultanahmet","True","0","/hotel-hero-editorial.png","True","True"
"four-seasons-hotel-istanbul-at-the-bosphorus","True","0","/hotel-hero-editorial.png","True","True"
"four-seasons-hotel-kuala-lumpur","True","0","/hotel-hero-editorial.png","True","True"
"four-seasons-hotel-kyoto","True","0","/hotel-hero-editorial.png","True","True"
"four-seasons-hotel-london-at-ten-trinity-square","True","0","/hotel-hero-editorial.png","True","True"
"four-seasons-hotel-los-angeles-at-beverly-hills","True","0","/hotel-hero-editorial.png","True","True"
"four-seasons-hotel-madrid","True","0","/hotel-hero-editorial.png","True","True"
"four-seasons-hotel-mexico-city","True","0","/hotel-hero-editorial.png","True","True"
"four-seasons-hotel-milano","True","0","/hotel-hero-editorial.png","True","True"
"four-seasons-hotel-new-york","True","0","/hotel-hero-editorial.png","True","True"
"four-seasons-hotel-new-york-downtown","True","0","/hotel-hero-editorial.png","True","True"
"four-seasons-hotel-prague","True","0","/hotel-hero-editorial.png","True","True"
"four-seasons-hotel-ritz-lisbon","True","0","/hotel-hero-editorial.png","True","True"
"four-seasons-hotel-san-francisco","True","0","/hotel-hero-editorial.png","True","True"
"four-seasons-hotel-seoul","True","0","/hotel-hero-editorial.png","True","True"
"four-seasons-hotel-singapore","True","0","/hotel-hero-editorial.png","True","True"
"four-seasons-hotel-sydney","True","0","/hotel-hero-editorial.png","True","True"
"four-seasons-hotel-the-westcliff-johannesburg","True","0","/hotel-hero-editorial.png","True","True"
"four-seasons-hotel-tokyo-at-marunouchi","True","0","/hotel-hero-editorial.png","True","True"
"four-seasons-hotel-toronto","True","0","/hotel-hero-editorial.png","True","True"
"four-seasons-hotel-vancouver","True","0","/hotel-hero-editorial.png","True","True"
"four-seasons-resort-bali-at-jimbaran-bay","True","0","/hotel-hero-editorial.png","True","True"
"four-seasons-resort-bali-at-sayan","True","0","/hotel-hero-editorial.png","True","True"
"four-seasons-resort-dubai-at-jumeirah-beach","True","0","/hotel-hero-editorial.png","True","True"
"four-seasons-resort-marrakech","True","0","/hotel-hero-editorial.png","True","True"
"galleria-vik-milano","True","0","/hotel-hero-editorial.png","True","True"
"gatsby-athens","True","0","/hotel-hero-editorial.png","True","True"
"gezi-hotel-bosphorus","True","0","/hotel-hero-editorial.png","True","True"
"gladstone-house","True","0","/hotel-hero-editorial.png","True","True"
"good-nature-hotel-kyoto","True","0","/hotel-hero-editorial.png","True","True"
"gorgeous-george-by-design-hotels","True","0","/hotel-hero-editorial.png","True","True"
"grand-ferdinand-vienna","True","0","/hotel-hero-editorial.png","True","True"
"grand-fiesta-americana-coral-beach-cancun","True","0","/hotel-hero-editorial.png","True","True"
"grand-hotel-central-barcelona","True","0","/hotel-hero-editorial.png","True","True"
"grand-hotel-et-de-milan","True","0","/hotel-hero-editorial.png","True","True"
"grand-hyatt-abu-dhabi-hotel-residences-emirates-pearl","True","0","/hotel-hero-editorial.png","True","True"
"grand-hyatt-berlin","True","0","/hotel-hero-editorial.png","True","True"
"grand-hyatt-doha-hotel-villas","True","0","/hotel-hero-editorial.png","True","True"
"grand-hyatt-erawan-bangkok","True","0","/hotel-hero-editorial.png","True","True"
"grand-hyatt-hong-kong","True","0","/hotel-hero-editorial.png","True","True"
"grand-hyatt-kuala-lumpur","True","0","/hotel-hero-editorial.png","True","True"
"grand-hyatt-melbourne","True","0","/hotel-hero-editorial.png","True","True"
"grand-hyatt-rio-de-janeiro","True","0","/hotel-hero-editorial.png","True","True"
"grand-hyatt-santiago","True","0","/hotel-hero-editorial.png","True","True"
"grand-hyatt-sao-paulo","True","0","/hotel-hero-editorial.png","True","True"
"grand-hyatt-seoul","True","0","/hotel-hero-editorial.png","True","True"
"grand-hyatt-tokyo","True","0","/hotel-hero-editorial.png","True","True"
"grand-intercontinental-seoul-parnas","True","0","/hotel-hero-editorial.png","True","True"
"grand-millennium-auckland","True","0","/hotel-hero-editorial.png","True","True"
"grand-velas-riviera-maya","True","0","/hotel-hero-editorial.png","True","True"
"grandium-hotel-prague","True","0","/hotel-hero-editorial.png","True","True"
"h-tel-de-crillon","True","0","/hotel-hero-editorial.png","True","True"
"h-tel-lutetia","True","0","/hotel-hero-editorial.png","True","True"
"h-tel-plaza-ath-n-e","True","0","/hotel-hero-editorial.png","True","True"
"h10-madison","True","0","/hotel-hero-editorial.png","True","True"
"halekulani","True","0","/hotel-hero-editorial.png","True","True"
"hallmark-house-hotel","True","0","/hotel-hero-editorial.png","True","True"
"hampton-by-hilton-london-waterloo","True","0","/hotel-hero-editorial.png","True","True"
"hampton-inn-by-hilton-new-york-times-square","True","0","/hotel-hero-editorial.png","True","True"
"hampton-inn-manhattan-times-square-central","True","0","/hotel-hero-editorial.png","True","True"
"hassler-roma","True","0","/hotel-hero-editorial.png","True","True"
"herodion-hotel","True","0","/hotel-hero-editorial.png","True","True"
"hilton-abu-dhabi-yas-island","True","0","/hotel-hero-editorial.png","True","True"
"hilton-auckland","True","0","/hotel-hero-editorial.png","True","True"
"hilton-berlin","True","0","/hotel-hero-editorial.png","True","True"
"hilton-buenos-aires","True","0","/hotel-hero-editorial.png","True","True"
"hilton-copacabana-rio-de-janeiro","True","0","/hotel-hero-editorial.png","True","True"
"hilton-doha","True","0","/hotel-hero-editorial.png","True","True"
"hilton-garden-inn-new-york-times-square-central","True","0","/hotel-hero-editorial.png","True","True"
"hilton-garden-inn-new-york-times-square-north","True","0","/hotel-hero-editorial.png","True","True"
"hilton-hawaiian-village-waikiki-beach-resort","True","0","/hotel-hero-editorial.png","True","True"
"hilton-istanbul-bosphorus","True","0","/hotel-hero-editorial.png","True","True"
"hilton-kuala-lumpur","True","0","/hotel-hero-editorial.png","True","True"
"hilton-kyoto","True","0","/hotel-hero-editorial.png","True","True"
"hilton-new-york-times-square","True","0","/hotel-hero-editorial.png","True","True"
"hilton-osaka","True","0","/hotel-hero-editorial.png","True","True"
"hilton-prague","True","0","/hotel-hero-editorial.png","True","True"
"hilton-prague-old-town","True","0","/hotel-hero-editorial.png","True","True"
"hilton-sandton","True","0","/hotel-hero-editorial.png","True","True"
"hilton-sao-paulo-morumbi","True","0","/hotel-hero-editorial.png","True","True"
"hilton-singapore-orchard","True","0","/hotel-hero-editorial.png","True","True"
"hilton-tokyo","True","0","/hotel-hero-editorial.png","True","True"
"hilton-vienna-park","True","0","/hotel-hero-editorial.png","True","True"
"hilton-vienna-plaza","True","0","/hotel-hero-editorial.png","True","True"
"home2-suites-by-hilton-new-york-times-square","True","0","/hotel-hero-editorial.png","True","True"
"hotel-adlon-kempinski-berlin","True","0","/hotel-hero-editorial.png","True","True"
"hotel-altstadt-vienna","True","0","/hotel-hero-editorial.png","True","True"
"hotel-amano-grand-central","True","0","/hotel-hero-editorial.png","True","True"
"hotel-arpoador","True","0","/hotel-hero-editorial.png","True","True"
"hotel-artemide","True","0","/hotel-hero-editorial.png","True","True"
"hotel-arts-barcelona","True","0","/hotel-hero-editorial.png","True","True"
"hotel-avenida-palace","True","0","/hotel-hero-editorial.png","True","True"
"hotel-beethoven-wien","True","0","/hotel-hero-editorial.png","True","True"
"hotel-bel-air","True","0","/hotel-hero-editorial.png","True","True"
"hotel-bidasoa","True","0","/hotel-hero-editorial.png","True","True"
"hotel-bristol-berlin","True","0","/hotel-hero-editorial.png","True","True"
"hotel-bristol-vienna","True","0","/hotel-hero-editorial.png","True","True"
"hotel-cadoro-sao-paulo","True","0","/hotel-hero-editorial.png","True","True"
"hotel-carlota","True","0","/hotel-hero-editorial.png","True","True"
"hotel-cavour","True","0","/hotel-hero-editorial.png","True","True"
"hotel-chapter-roma","True","0","/hotel-hero-editorial.png","True","True"
"hotel-chinzanso-tokyo","True","0","/hotel-hero-editorial.png","True","True"
"hotel-cumbres-lastarria","True","0","/hotel-hero-editorial.png","True","True"
"hotel-cumbres-vitacura","True","0","/hotel-hero-editorial.png","True","True"
"hotel-das-triest","True","0","/hotel-hero-editorial.png","True","True"
"hotel-de-l-europe-amsterdam","True","0","/hotel-hero-editorial.png","True","True"
"hotel-de-la-minerve","True","0","/hotel-hero-editorial.png","True","True"
"hotel-de-la-place-du-louvre","True","0","/hotel-hero-editorial.png","True","True"
"hotel-de-la-ville","True","0","/hotel-hero-editorial.png","True","True"
"hotel-de-rome","True","0","/hotel-hero-editorial.png","True","True"
"hotel-de-russie","True","0","/hotel-hero-editorial.png","True","True"
"hotel-debrett","True","0","/hotel-hero-editorial.png","True","True"
"hotel-diego-de-almagro-providencia","True","0","/hotel-hero-editorial.png","True","True"
"hotel-director-vitacura","True","0","/hotel-hero-editorial.png","True","True"
"hotel-drisco-pacific-heights","True","0","/hotel-hero-editorial.png","True","True"
"hotel-eden","True","0","/hotel-hero-editorial.png","True","True"
"hotel-el-palace-barcelona","True","0","/hotel-hero-editorial.png","True","True"
"hotel-emiliano","True","0","/hotel-hero-editorial.png","True","True"
"hotel-emperador","True","0","/hotel-hero-editorial.png","True","True"
"hotel-estherea","True","0","/hotel-hero-editorial.png","True","True"
"hotel-europe-zurich","True","0","/hotel-hero-editorial.png","True","True"
"hotel-fasano-rio-de-janeiro","True","0","/hotel-hero-editorial.png","True","True"
"hotel-fenix-gran-meli","True","0","/hotel-hero-editorial.png","True","True"
"hotel-figueroa","True","0","/hotel-hero-editorial.png","True","True"
"hotel-glockenhof-z-rich","True","0","/hotel-hero-editorial.png","True","True"
"hotel-grande-bretagne","True","0","/hotel-hero-editorial.png","True","True"
"hotel-granvia-kyoto","True","0","/hotel-hero-editorial.png","True","True"
"hotel-habita","True","0","/hotel-hero-editorial.png","True","True"
"hotel-hankyu-international","True","0","/hotel-hero-editorial.png","True","True"
"hotel-icon","True","0","/hotel-hero-editorial.png","True","True"
"hotel-imperial-vienna","True","0","/hotel-hero-editorial.png","True","True"
"hotel-indigo-rome-st-george","True","0","/hotel-hero-editorial.png","True","True"
"hotel-ismael","True","0","/hotel-hero-editorial.png","True","True"
"hotel-josef","True","0","/hotel-hero-editorial.png","True","True"
"hotel-kabuki","True","0","/hotel-hero-editorial.png","True","True"
"hotel-kampa-garden","True","0","/hotel-hero-editorial.png","True","True"
"hotel-kings-court","True","0","/hotel-hero-editorial.png","True","True"
"hotel-madero","True","0","/hotel-hero-editorial.png","True","True"
"hotel-magnolia-santiago","True","0","/hotel-hero-editorial.png","True","True"
"hotel-marquis-reforma","True","0","/hotel-hero-editorial.png","True","True"
"hotel-montana-z-rich","True","0","/hotel-hero-editorial.png","True","True"
"hotel-monterey-grasmere-osaka","True","0","/hotel-hero-editorial.png","True","True"
"hotel-mundial","True","0","/hotel-hero-editorial.png","True","True"
"hotel-nacional-rio-de-janeiro","True","0","/hotel-hero-editorial.png","True","True"
"hotel-neri-relais-chateaux","True","0","/hotel-hero-editorial.png","True","True"
"hotel-neruda","True","0","/hotel-hero-editorial.png","True","True"
"hotel-new-otani-osaka","True","0","/hotel-hero-editorial.png","True","True"
"hotel-new-otani-tokyo","True","0","/hotel-hero-editorial.png","True","True"
"hotel-nikko-osaka","True","0","/hotel-hero-editorial.png","True","True"
"hotel-nikko-san-francisco","True","0","/hotel-hero-editorial.png","True","True"
"hotel-nodo","True","0","/hotel-hero-editorial.png","True","True"
"hotel-okura-amsterdam","True","0","/hotel-hero-editorial.png","True","True"
"hotel-palace-berlin","True","0","/hotel-hero-editorial.png","True","True"
"hotel-paris-prague","True","0","/hotel-hero-editorial.png","True","True"
"hotel-plaza-san-francisco","True","0","/hotel-hero-editorial.png","True","True"
"hotel-principe-di-savoia","True","0","/hotel-hero-editorial.png","True","True"
"hotel-puerta-america","True","0","/hotel-hero-editorial.png","True","True"
"hotel-pulitzer-buenos-aires","True","0","/hotel-hero-editorial.png","True","True"
"hotel-regal-pacific-santiago","True","0","/hotel-hero-editorial.png","True","True"
"hotel-riu-plaza-espa-a","True","0","/hotel-hero-editorial.png","True","True"
"hotel-ryads-barri-re-le-naoura","True","0","/hotel-hero-editorial.png","True","True"
"hotel-sacher-wien","True","0","/hotel-hero-editorial.png","True","True"
"hotel-sans-souci-wien","True","0","/hotel-hero-editorial.png","True","True"
"hotel-santa-teresa-rio-mgallery","True","0","/hotel-hero-editorial.png","True","True"
"hotel-santo-mauro","True","0","/hotel-hero-editorial.png","True","True"
"hotel-schweizerhof-zurich","True","0","/hotel-hero-editorial.png","True","True"
"hotel-splendide-royal-rome","True","0","/hotel-hero-editorial.png","True","True"
"hotel-storchen","True","0","/hotel-hero-editorial.png","True","True"
"hotel-the-mitsui-kyoto","True","0","/hotel-hero-editorial.png","True","True"
"hotel-topazz-lam-e","True","0","/hotel-hero-editorial.png","True","True"
"hotel-unique","True","0","/hotel-hero-editorial.png","True","True"
"hotel-urban-a-member-of-design-hotels","True","0","/hotel-hero-editorial.png","True","True"
"hotel-vancouver","True","0","/hotel-hero-editorial.png","True","True"
"hotel-verde-cape-town-airport","True","0","/hotel-hero-editorial.png","True","True"
"hotel-viu-milan","True","0","/hotel-hero-editorial.png","True","True"
"hotel-x-toronto","True","0","/hotel-hero-editorial.png","True","True"
"hotel-xcaret-arte","True","0","/hotel-hero-editorial.png","True","True"
"hotel-xcaret-mexico","True","0","/hotel-hero-editorial.png","True","True"
"hotel-zetta-san-francisco","True","0","/hotel-hero-editorial.png","True","True"
"hotel-zoo-berlin","True","0","/hotel-hero-editorial.png","True","True"
"hub-porte-o","True","0","/hotel-hero-editorial.png","True","True"
"hyatt-centric-gran-via-madrid","True","0","/hotel-hero-editorial.png","True","True"
"hyatt-house-tokyo-shibuya","True","0","/hotel-hero-editorial.png","True","True"
"hyatt-regency-bali","True","0","/hotel-hero-editorial.png","True","True"
"hyatt-regency-hong-kong-tsim-sha-tsui","True","0","/hotel-hero-editorial.png","True","True"
"hyatt-regency-johannesburg","True","0","/hotel-hero-editorial.png","True","True"
"hyatt-regency-kyoto","True","0","/hotel-hero-editorial.png","True","True"
"hyatt-regency-mexico-city","True","0","/hotel-hero-editorial.png","True","True"
"hyatt-regency-sydney","True","0","/hotel-hero-editorial.png","True","True"
"hyatt-regency-tokyo","True","0","/hotel-hero-editorial.png","True","True"
"hyatt-regency-vancouver","True","0","/hotel-hero-editorial.png","True","True"
"hyatt-regency-waikiki-beach-resort-spa","True","0","/hotel-hero-editorial.png","True","True"
"hyatt-zilara-cancun","True","0","/hotel-hero-editorial.png","True","True"
"hyatt-ziva-cancun","True","0","/hotel-hero-editorial.png","True","True"
"imperial-hotel-osaka","True","0","/hotel-hero-editorial.png","True","True"
"imperial-hotel-tokyo","True","0","/hotel-hero-editorial.png","True","True"
"ink-hotel-amsterdam-mgallery","True","0","/hotel-hero-editorial.png","True","True"
"intercontinental-abu-dhabi","True","0","/hotel-hero-editorial.png","True","True"
"intercontinental-berlin","True","0","/hotel-hero-editorial.png","True","True"
"intercontinental-buenos-aires","True","0","/hotel-hero-editorial.png","True","True"
"intercontinental-cairo-semiramis","True","0","/hotel-hero-editorial.png","True","True"
"intercontinental-chicago-magnificent-mile","True","0","/hotel-hero-editorial.png","True","True"
"intercontinental-doha-beach-spa","True","0","/hotel-hero-editorial.png","True","True"
"intercontinental-hotel-osaka","True","0","/hotel-hero-editorial.png","True","True"
"intercontinental-istanbul","True","0","/hotel-hero-editorial.png","True","True"
"intercontinental-johannesburg-sandton-towers","True","0","/hotel-hero-editorial.png","True","True"
"intercontinental-kuala-lumpur","True","0","/hotel-hero-editorial.png","True","True"
"intercontinental-lisbon","True","0","/hotel-hero-editorial.png","True","True"
"intercontinental-mark-hopkins-san-francisco","True","0","/hotel-hero-editorial.png","True","True"
"intercontinental-melbourne-the-rialto","True","0","/hotel-hero-editorial.png","True","True"
"intercontinental-paris-le-grand","True","0","/hotel-hero-editorial.png","True","True"
"intercontinental-presidente-mexico-city","True","0","/hotel-hero-editorial.png","True","True"
"intercontinental-santiago","True","0","/hotel-hero-editorial.png","True","True"
"intercontinental-sao-paulo","True","0","/hotel-hero-editorial.png","True","True"
"intercontinental-seoul-coex","True","0","/hotel-hero-editorial.png","True","True"
"intercontinental-singapore","True","0","/hotel-hero-editorial.png","True","True"
"intercontinental-sydney","True","0","/hotel-hero-editorial.png","True","True"
"intercontinental-toronto-centre","True","0","/hotel-hero-editorial.png","True","True"
"intercontinental-vienna","True","0","/hotel-hero-editorial.png","True","True"
"ipanema-inn","True","0","/hotel-hero-editorial.png","True","True"
"island-shangri-la-hong-kong","True","0","/hotel-hero-editorial.png","True","True"
"josun-palace-a-luxury-collection-hotel","True","0","/hotel-hero-editorial.png","True","True"
"jumeirah-al-naseem","True","0","/hotel-hero-editorial.png","True","True"
"jumeirah-at-saadiyat-island-resort","True","0","/hotel-hero-editorial.png","True","True"
"jumeirah-beach-hotel","True","0","/hotel-hero-editorial.png","True","True"
"jw-marriott-cancun-resort-spa","True","0","/hotel-hero-editorial.png","True","True"
"jw-marriott-dongdaemun-square-seoul","True","0","/hotel-hero-editorial.png","True","True"
"jw-marriott-hotel-cairo","True","0","/hotel-hero-editorial.png","True","True"
"jw-marriott-hotel-istanbul-bosphorus","True","0","/hotel-hero-editorial.png","True","True"
"jw-marriott-hotel-kuala-lumpur","True","0","/hotel-hero-editorial.png","True","True"
"jw-marriott-hotel-madrid","True","0","/hotel-hero-editorial.png","True","True"
"jw-marriott-hotel-mexico-city","True","0","/hotel-hero-editorial.png","True","True"
"jw-marriott-hotel-rio-de-janeiro","True","0","/hotel-hero-editorial.png","True","True"
"jw-marriott-hotel-sao-paulo","True","0","/hotel-hero-editorial.png","True","True"
"jw-marriott-hotel-seoul","True","0","/hotel-hero-editorial.png","True","True"
"jw-marriott-parq-vancouver","True","0","/hotel-hero-editorial.png","True","True"
"k11-artus","True","0","/hotel-hero-editorial.png","True","True"
"keio-plaza-hotel-tokyo","True","0","/hotel-hero-editorial.png","True","True"
"kempinski-nile-hotel-cairo","True","0","/hotel-hero-editorial.png","True","True"
"kenzi-club-agdal-medina","True","0","/hotel-hero-editorial.png","True","True"
"kimpton-alton-hotel","True","0","/hotel-hero-editorial.png","True","True"
"kimpton-de-witt-amsterdam","True","0","/hotel-hero-editorial.png","True","True"
"kimpton-epic-hotel","True","0","/hotel-hero-editorial.png","True","True"
"kimpton-gray-hotel","True","0","/hotel-hero-editorial.png","True","True"
"kimpton-maa-lai-bangkok","True","0","/hotel-hero-editorial.png","True","True"
"kimpton-margot-sydney","True","0","/hotel-hero-editorial.png","True","True"
"kimpton-saint-george","True","0","/hotel-hero-editorial.png","True","True"
"kimpton-vividora-hotel","True","0","/hotel-hero-editorial.png","True","True"
"king-george-a-luxury-collection-hotel","True","0","/hotel-hero-editorial.png","True","True"
"kloof-street-hotel","True","0","/hotel-hero-editorial.png","True","True"
"kowloon-shangri-la","True","0","/hotel-hero-editorial.png","True","True"
"kyoto-brighton-hotel","True","0","/hotel-hero-editorial.png","True","True"
"l-hotel-portobay-sao-paulo","True","0","/hotel-hero-editorial.png","True","True"
"la-mamounia","True","0","/hotel-hero-editorial.png","True","True"
"la-sultana-marrakech","True","0","/hotel-hero-editorial.png","True","True"
"las-alcobas-a-luxury-collection-hotel","True","0","/hotel-hero-editorial.png","True","True"
"le-blanc-spa-resort-cancun","True","0","/hotel-hero-editorial.png","True","True"
"le-bristol-paris","True","0","/hotel-hero-editorial.png","True","True"
"le-meridien-cairo-airport","True","0","/hotel-hero-editorial.png","True","True"
"le-meridien-kuala-lumpur","True","0","/hotel-hero-editorial.png","True","True"
"le-meurice","True","0","/hotel-hero-editorial.png","True","True"
"le-royal-monceau-raffles-paris","True","0","/hotel-hero-editorial.png","True","True"
"legado-mitico-buenos-aires","True","0","/hotel-hero-editorial.png","True","True"
"les-deux-tours","True","0","/hotel-hero-editorial.png","True","True"
"live-aqua-beach-resort-cancun","True","0","/hotel-hero-editorial.png","True","True"
"live-aqua-urban-resort-san-miguel-de-allende","True","0","/hotel-hero-editorial.png","True","True"
"loden-hotel","True","0","/hotel-hero-editorial.png","True","True"
"loews-miami-beach-hotel","True","0","/hotel-hero-editorial.png","True","True"
"loi-suites-recoleta-hotel","True","0","/hotel-hero-editorial.png","True","True"
"london-hilton-on-park-lane","True","0","/hotel-hero-editorial.png","True","True"
"londonhouse-chicago","True","0","/hotel-hero-editorial.png","True","True"
"lotte-hotel-seoul","True","0","/hotel-hero-editorial.png","True","True"
"lotte-hotel-world","True","0","/hotel-hero-editorial.png","True","True"
"lotte-new-york-palace","True","0","/hotel-hero-editorial.png","True","True"
"luma-hotel-san-francisco","True","0","/hotel-hero-editorial.png","True","True"
"m-social-auckland","True","0","/hotel-hero-editorial.png","True","True"
"maison-albar-hotels-le-champs-elys-es","True","0","/hotel-hero-editorial.png","True","True"
"majestic-hotel-spa-barcelona","True","0","/hotel-hero-editorial.png","True","True"
"maksoud-plaza","True","0","/hotel-hero-editorial.png","True","True"
"mandalay-bay-resort-and-casino","True","0","/hotel-hero-editorial.png","True","True"
"mandapa-a-ritz-carlton-reserve","True","0","/hotel-hero-editorial.png","True","True"
"mandarin-oriental-bali","True","0","/hotel-hero-editorial.png","True","True"
"mandarin-oriental-bangkok","True","0","/hotel-hero-editorial.png","True","True"
"mandarin-oriental-bangkok-2","True","0","/hotel-hero-editorial.png","True","True"
"mandarin-oriental-barcelona","True","0","/hotel-hero-editorial.png","True","True"
"mandarin-oriental-bosphorus-istanbul","True","0","/hotel-hero-editorial.png","True","True"
"mandarin-oriental-doha","True","0","/hotel-hero-editorial.png","True","True"
"mandarin-oriental-dubai-jumeira-beach","True","0","/hotel-hero-editorial.png","True","True"
"mandarin-oriental-hong-kong","True","0","/hotel-hero-editorial.png","True","True"
"mandarin-oriental-kuala-lumpur","True","0","/hotel-hero-editorial.png","True","True"
"mandarin-oriental-london-hyde-park","True","0","/hotel-hero-editorial.png","True","True"
"mandarin-oriental-marrakech","True","0","/hotel-hero-editorial.png","True","True"
"mandarin-oriental-miami","True","0","/hotel-hero-editorial.png","True","True"
"mandarin-oriental-milan","True","0","/hotel-hero-editorial.png","True","True"
"mandarin-oriental-new-york","True","0","/hotel-hero-editorial.png","True","True"
"mandarin-oriental-paris","True","0","/hotel-hero-editorial.png","True","True"
"mandarin-oriental-prague","True","0","/hotel-hero-editorial.png","True","True"
"mandarin-oriental-ritz-madrid","True","0","/hotel-hero-editorial.png","True","True"
"mandarin-oriental-santiago","True","0","/hotel-hero-editorial.png","True","True"
"mandarin-oriental-singapore","True","0","/hotel-hero-editorial.png","True","True"
"mandarin-oriental-tokyo","True","0","/hotel-hero-editorial.png","True","True"
"marina-bay-sands","True","0","/hotel-hero-editorial.png","True","True"
"marriott-mena-house-cairo","True","0","/hotel-hero-editorial.png","True","True"
"marsa-malaz-kempinski-the-pearl-doha","True","0","/hotel-hero-editorial.png","True","True"
"martinhal-lisbon-chiado","True","0","/hotel-hero-editorial.png","True","True"
"me-barcelona","True","0","/hotel-hero-editorial.png","True","True"
"me-madrid-reina-victoria","True","0","/hotel-hero-editorial.png","True","True"
"me-milan-il-duca","True","0","/hotel-hero-editorial.png","True","True"
"meli-paulista","True","0","/hotel-hero-editorial.png","True","True"
"melia-buenos-aires-hotel","True","0","/hotel-hero-editorial.png","True","True"
"memmo-alfama","True","0","/hotel-hero-editorial.png","True","True"
"mgm-grand-las-vegas","True","0","/hotel-hero-editorial.png","True","True"
"mine-hotel-boutique","True","0","/hotel-hero-editorial.png","True","True"
"miramar-by-windsor-copacabana","True","0","/hotel-hero-editorial.png","True","True"
"mitsui-garden-hotel-kyoto-sanjo","True","0","/hotel-hero-editorial.png","True","True"
"mitsui-garden-hotel-osaka-premier","True","0","/hotel-hero-editorial.png","True","True"
"moana-surfrider-a-westin-resort-spa","True","0","/hotel-hero-editorial.png","True","True"
"monarch-hotel","True","0","/hotel-hero-editorial.png","True","True"
"mondrian-mexico-city-condesa","True","0","/hotel-hero-editorial.png","True","True"
"mondrian-seoul-itaewon","True","0","/hotel-hero-editorial.png","True","True"
"monument-hotel","True","0","/hotel-hero-editorial.png","True","True"
"motto-by-hilton-new-york-city-times-square","True","0","/hotel-hero-editorial.png","True","True"
"mount-nelson-a-belmond-hotel","True","0","/hotel-hero-editorial.png","True","True"
"movenpick-hotel-auckland","True","0","/hotel-hero-editorial.png","True","True"
"new-hotel-athens","True","0","/hotel-hero-editorial.png","True","True"
"nh-collection-amsterdam-barbizon-palace","True","0","/hotel-hero-editorial.png","True","True"
"nh-collection-barcelona-gran-hotel-calder-n","True","0","/hotel-hero-editorial.png","True","True"
"nh-collection-madrid-suecia","True","0","/hotel-hero-editorial.png","True","True"
"nh-collection-milano-president","True","0","/hotel-hero-editorial.png","True","True"
"nh-collection-plaza-santiago","True","0","/hotel-hero-editorial.png","True","True"
"nh-collection-prague-carlo-iv","True","0","/hotel-hero-editorial.png","True","True"
"nh-collection-roma-palazzo-cinquecento","True","0","/hotel-hero-editorial.png","True","True"
"nihi-sumba","True","0","/hotel-hero-editorial.png","True","True"
"nima-local-house-hotel","True","0","/hotel-hero-editorial.png","True","True"
"nizuc-resort-spa","True","0","/hotel-hero-editorial.png","True","True"
"njv-athens-plaza","True","0","/hotel-hero-editorial.png","True","True"
"nobu-hotel-chicago","True","0","/hotel-hero-editorial.png","True","True"
"nobu-hotel-marrakech","True","0","/hotel-hero-editorial.png","True","True"
"noku-kyoto","True","0","/hotel-hero-editorial.png","True","True"
"nolinski-paris","True","0","/hotel-hero-editorial.png","True","True"
"nomad-london","True","0","/hotel-hero-editorial.png","True","True"
"novotel-abu-dhabi-gate","True","0","/hotel-hero-editorial.png","True","True"
"novotel-ambassador-seoul-gangnam","True","0","/hotel-hero-editorial.png","True","True"
"ohla-barcelona","True","0","/hotel-hero-editorial.png","True","True"
"ohtel-auckland","True","0","/hotel-hero-editorial.png","True","True"
"one-only-cape-town","True","0","/hotel-hero-editorial.png","True","True"
"one-only-royal-mirage","True","0","/hotel-hero-editorial.png","True","True"
"one-only-the-palm","True","0","/hotel-hero-editorial.png","True","True"
"only-you-hotel-atocha","True","0","/hotel-hero-editorial.png","True","True"
"opus-vancouver","True","0","/hotel-hero-editorial.png","True","True"
"outrigger-reef-waikiki-beach-resort","True","0","/hotel-hero-editorial.png","True","True"
"ovolo-laneways","True","0","/hotel-hero-editorial.png","True","True"
"ovolo-woolloomooloo","True","0","/hotel-hero-editorial.png","True","True"
"pal-cio-ludovice-wine-experience-hotel","True","0","/hotel-hero-editorial.png","True","True"
"palace-hotel-a-luxury-collection-hotel","True","0","/hotel-hero-editorial.png","True","True"
"palacio-duhau-park-hyatt-buenos-aires","True","0","/hotel-hero-editorial.png","True","True"
"palacio-tangara","True","0","/hotel-hero-editorial.png","True","True"
"palais-namaskar","True","0","/hotel-hero-editorial.png","True","True"
"palazzo-manfredi","True","0","/hotel-hero-editorial.png","True","True"
"palazzo-parigi-hotel-grand-spa","True","0","/hotel-hero-editorial.png","True","True"
"palo-santo-hotel","True","0","/hotel-hero-editorial.png","True","True"
"pan-pacific-melbourne","True","0","/hotel-hero-editorial.png","True","True"
"pan-pacific-singapore","True","0","/hotel-hero-editorial.png","True","True"
"pan-pacific-vancouver","True","0","/hotel-hero-editorial.png","True","True"
"paradox-hotel-vancouver","True","0","/hotel-hero-editorial.png","True","True"
"park-hotel-tokyo","True","0","/hotel-hero-editorial.png","True","True"
"park-hyatt-abu-dhabi-hotel-and-villas","True","0","/hotel-hero-editorial.png","True","True"
"park-hyatt-auckland","True","0","/hotel-hero-editorial.png","True","True"
"park-hyatt-bangkok","True","0","/hotel-hero-editorial.png","True","True"
"park-hyatt-buenos-aires","True","0","/hotel-hero-editorial.png","True","True"
"park-hyatt-chicago","True","0","/hotel-hero-editorial.png","True","True"
"park-hyatt-doha","True","0","/hotel-hero-editorial.png","True","True"
"park-hyatt-dubai","True","0","/hotel-hero-editorial.png","True","True"
"park-hyatt-istanbul-macka-palas","True","0","/hotel-hero-editorial.png","True","True"
"park-hyatt-kyoto","True","0","/hotel-hero-editorial.png","True","True"
"park-hyatt-melbourne","True","0","/hotel-hero-editorial.png","True","True"
"park-hyatt-milano","True","0","/hotel-hero-editorial.png","True","True"
"park-hyatt-new-york","True","0","/hotel-hero-editorial.png","True","True"
"park-hyatt-paris-vend-me","True","0","/hotel-hero-editorial.png","True","True"
"park-hyatt-seoul","True","0","/hotel-hero-editorial.png","True","True"
"park-hyatt-sydney","True","0","/hotel-hero-editorial.png","True","True"
"park-hyatt-tokyo","True","0","/hotel-hero-editorial.png","True","True"
"park-hyatt-toronto","True","0","/hotel-hero-editorial.png","True","True"
"park-hyatt-vienna","True","0","/hotel-hero-editorial.png","True","True"
"park-hyatt-zurich","True","0","/hotel-hero-editorial.png","True","True"
"park-inn-by-radisson-berlin-alexanderplatz","True","0","/hotel-hero-editorial.png","True","True"
"park-plaza-victoria-amsterdam","True","0","/hotel-hero-editorial.png","True","True"
"parkroyal-collection-marina-bay","True","0","/hotel-hero-editorial.png","True","True"
"pavilion-hotel-kuala-lumpur","True","0","/hotel-hero-editorial.png","True","True"
"pendry-chicago","True","0","/hotel-hero-editorial.png","True","True"
"pera-palace-hotel","True","0","/hotel-hero-editorial.png","True","True"
"perianth-hotel","True","0","/hotel-hero-editorial.png","True","True"
"pestana-amsterdam-riverside","True","0","/hotel-hero-editorial.png","True","True"
"pestana-palace-lisboa","True","0","/hotel-hero-editorial.png","True","True"
"pier-one-sydney-harbour","True","0","/hotel-hero-editorial.png","True","True"
"pinnacle-hotel-harbourfront","True","0","/hotel-hero-editorial.png","True","True"
"plaza-ath-n-e","True","0","/hotel-hero-editorial.png","True","True"
"portobay-rio-de-janeiro","True","0","/hotel-hero-editorial.png","True","True"
"portrait-milano","True","0","/hotel-hero-editorial.png","True","True"
"pousada-de-lisboa","True","0","/hotel-hero-editorial.png","True","True"
"prince-waikiki","True","0","/hotel-hero-editorial.png","True","True"
"prodigy-santos-dumont","True","0","/hotel-hero-editorial.png","True","True"
"proper-hotel-san-francisco","True","0","/hotel-hero-editorial.png","True","True"
"protea-hotel-fire-ice-johannesburg-melrose-arch","True","0","/hotel-hero-editorial.png","True","True"
"pulitzer-amsterdam","True","0","/hotel-hero-editorial.png","True","True"
"pullman-auckland-hotel-apartments","True","0","/hotel-hero-editorial.png","True","True"
"pullman-berlin-schweizerhof","True","0","/hotel-hero-editorial.png","True","True"
"pullman-doha-west-bay","True","0","/hotel-hero-editorial.png","True","True"
"pullman-kuala-lumpur-city-centre","True","0","/hotel-hero-editorial.png","True","True"
"pullman-quay-grand-sydney-harbour","True","0","/hotel-hero-editorial.png","True","True"
"pullman-santiago-el-bosque","True","0","/hotel-hero-editorial.png","True","True"
"pullman-sao-paulo-ibirapuera","True","0","/hotel-hero-editorial.png","True","True"
"pyramisa-suites-hotel-cairo","True","0","/hotel-hero-editorial.png","True","True"
"qt-auckland","True","0","/hotel-hero-editorial.png","True","True"
"qt-melbourne","True","0","/hotel-hero-editorial.png","True","True"
"qt-sydney","True","0","/hotel-hero-editorial.png","True","True"
"queen-kapiolani-hotel","True","0","/hotel-hero-editorial.png","True","True"
"queen-victoria-hotel","True","0","/hotel-hero-editorial.png","True","True"
"radisson-blu-gautrain-hotel","True","0","/hotel-hero-editorial.png","True","True"
"radisson-blu-hotel-waterfront-cape-town","True","0","/hotel-hero-editorial.png","True","True"
"radisson-collection-hotel-berlin","True","0","/hotel-hero-editorial.png","True","True"
"raffles-bali","True","0","/hotel-hero-editorial.png","True","True"
"raffles-doha","True","0","/hotel-hero-editorial.png","True","True"
"raffles-istanbul","True","0","/hotel-hero-editorial.png","True","True"
"raffles-london-at-the-owo","True","0","/hotel-hero-editorial.png","True","True"
"raffles-singapore","True","0","/hotel-hero-editorial.png","True","True"
"raffles-the-palm-dubai","True","0","/hotel-hero-editorial.png","True","True"
"ramses-hilton","True","0","/hotel-hero-editorial.png","True","True"
"regent-berlin","True","0","/hotel-hero-editorial.png","True","True"
"renaissance-sao-paulo-hotel","True","0","/hotel-hero-editorial.png","True","True"
"renaissance-zurich-tower-hotel","True","0","/hotel-hero-editorial.png","True","True"
"resorts-world-las-vegas","True","0","/hotel-hero-editorial.png","True","True"
"riad-el-fenn","True","0","/hotel-hero-editorial.png","True","True"
"riad-kniza","True","0","/hotel-hero-editorial.png","True","True"
"rihga-royal-hotel-osaka","True","0","/hotel-hero-editorial.png","True","True"
"rixos-gulf-hotel-doha","True","0","/hotel-hero-editorial.png","True","True"
"rixos-marina-abu-dhabi","True","0","/hotel-hero-editorial.png","True","True"
"rome-cavalieri-a-waldorf-astoria-hotel","True","0","/hotel-hero-editorial.png","True","True"
"room-mate-giulia","True","0","/hotel-hero-editorial.png","True","True"
"rosa-grand-milano","True","0","/hotel-hero-editorial.png","True","True"
"rosewood-abu-dhabi","True","0","/hotel-hero-editorial.png","True","True"
"rosewood-bangkok","True","0","/hotel-hero-editorial.png","True","True"
"rosewood-hong-kong","True","0","/hotel-hero-editorial.png","True","True"
"rosewood-hotel-georgia","True","0","/hotel-hero-editorial.png","True","True"
"rosewood-london","True","0","/hotel-hero-editorial.png","True","True"
"rosewood-mayakoba","True","0","/hotel-hero-editorial.png","True","True"
"rosewood-sao-paulo","True","0","/hotel-hero-editorial.png","True","True"
"rosewood-vienna","True","0","/hotel-hero-editorial.png","True","True"
"rosewood-villa-magna","True","0","/hotel-hero-editorial.png","True","True"
"royal-mansour-marrakech","True","0","/hotel-hero-editorial.png","True","True"
"royal-rose-hotel","True","0","/hotel-hero-editorial.png","True","True"
"ruby-mimi-hotel-bar","True","0","/hotel-hero-editorial.png","True","True"
"rydges-auckland","True","0","/hotel-hero-editorial.png","True","True"
"saadiyat-rotana-resort-villas","True","0","/hotel-hero-editorial.png","True","True"
"sandton-sun-and-towers","True","0","/hotel-hero-editorial.png","True","True"
"santiago-de-alfama","True","0","/hotel-hero-editorial.png","True","True"
"saxon-hotel-villas-spa","True","0","/hotel-hero-editorial.png","True","True"
"schlosshotel-berlin-by-patrick-hellmann","True","0","/hotel-hero-editorial.png","True","True"
"secrets-maroma-beach-riviera-cancun","True","0","/hotel-hero-editorial.png","True","True"
"secrets-the-vine-cancun","True","0","/hotel-hero-editorial.png","True","True"
"selman-marrakech","True","0","/hotel-hero-editorial.png","True","True"
"serras-barcelona","True","0","/hotel-hero-editorial.png","True","True"
"shangri-la-bangkok","True","0","/hotel-hero-editorial.png","True","True"
"shangri-la-bosphorus-istanbul","True","0","/hotel-hero-editorial.png","True","True"
"shangri-la-kuala-lumpur","True","0","/hotel-hero-editorial.png","True","True"
"shangri-la-paris","True","0","/hotel-hero-editorial.png","True","True"
"shangri-la-qaryat-al-beri","True","0","/hotel-hero-editorial.png","True","True"
"shangri-la-singapore","True","0","/hotel-hero-editorial.png","True","True"
"shangri-la-sydney","True","0","/hotel-hero-editorial.png","True","True"
"shangri-la-the-shard-london","True","0","/hotel-hero-editorial.png","True","True"
"shangri-la-tokyo","True","0","/hotel-hero-editorial.png","True","True"
"shangri-la-toronto","True","0","/hotel-hero-editorial.png","True","True"
"shangri-la-vancouver","True","0","/hotel-hero-editorial.png","True","True"
"sharq-village-spa","True","0","/hotel-hero-editorial.png","True","True"
"sheraton-grand-rio-hotel-resort","True","0","/hotel-hero-editorial.png","True","True"
"sheraton-lisboa-hotel-spa","True","0","/hotel-hero-editorial.png","True","True"
"sheraton-santiago-hotel-and-convention-center","True","0","/hotel-hero-editorial.png","True","True"
"sheraton-sao-paulo-wtc-hotel","True","0","/hotel-hero-editorial.png","True","True"
"sheraton-waikiki-beach-resort","True","0","/hotel-hero-editorial.png","True","True"
"shutters-on-the-beach","True","0","/hotel-hero-editorial.png","True","True"
"siam-kempinski-hotel-bangkok","True","0","/hotel-hero-editorial.png","True","True"
"signiel-seoul","True","0","/hotel-hero-editorial.png","True","True"
"singer-palace-hotel-roma","True","0","/hotel-hero-editorial.png","True","True"
"sir-victor-hotel","True","0","/hotel-hero-editorial.png","True","True"
"six-senses-rome","True","0","/hotel-hero-editorial.png","True","True"
"six-senses-uluwatu","True","0","/hotel-hero-editorial.png","True","True"
"skycity-hotel-auckland","True","0","/hotel-hero-editorial.png","True","True"
"so-bangkok","True","0","/hotel-hero-editorial.png","True","True"
"so-berlin-das-stue","True","0","/hotel-hero-editorial.png","True","True"
"so-vienna","True","0","/hotel-hero-editorial.png","True","True"
"sofitel-auckland-viaduct-harbour","True","0","/hotel-hero-editorial.png","True","True"
"sofitel-bali-nusa-dua-beach-resort","True","0","/hotel-hero-editorial.png","True","True"
"sofitel-buenos-aires-recoleta","True","0","/hotel-hero-editorial.png","True","True"
"sofitel-cairo-nile-el-gezirah","True","0","/hotel-hero-editorial.png","True","True"
"sofitel-chicago-magnificent-mile","True","0","/hotel-hero-editorial.png","True","True"
"sofitel-dubai-the-obelisk","True","0","/hotel-hero-editorial.png","True","True"
"sofitel-dubai-the-palm","True","0","/hotel-hero-editorial.png","True","True"
"sofitel-legend-the-grand-amsterdam","True","0","/hotel-hero-editorial.png","True","True"
"sofitel-marrakech-palais-imperial","True","0","/hotel-hero-editorial.png","True","True"
"sofitel-melbourne-on-collins","True","0","/hotel-hero-editorial.png","True","True"
"sofitel-mexico-city-reforma","True","0","/hotel-hero-editorial.png","True","True"
"sofitel-new-york","True","0","/hotel-hero-editorial.png","True","True"
"sofitel-paris-le-faubourg","True","0","/hotel-hero-editorial.png","True","True"
"sofitel-sydney-darling-harbour","True","0","/hotel-hero-editorial.png","True","True"
"sofitel-sydney-wentworth","True","0","/hotel-hero-editorial.png","True","True"
"soho-house-istanbul","True","0","/hotel-hero-editorial.png","True","True"
"sotetsu-grand-fresa-osaka-namba","True","0","/hotel-hero-editorial.png","True","True"
"southern-sun-sandton","True","0","/hotel-hero-editorial.png","True","True"
"southern-sun-the-cullinan","True","0","/hotel-hero-editorial.png","True","True"
"st-jane-chicago","True","0","/hotel-hero-editorial.png","True","True"
"st-pancras-renaissance-hotel-london","True","0","/hotel-hero-editorial.png","True","True"
"st-regis-osaka","True","0","/hotel-hero-editorial.png","True","True"
"steigenberger-hotel-el-tahrir-cairo","True","0","/hotel-hero-editorial.png","True","True"
"storchen-zurich","True","0","/hotel-hero-editorial.png","True","True"
"sudima-auckland-city","True","0","/hotel-hero-editorial.png","True","True"
"suiran-kyoto","True","0","/hotel-hero-editorial.png","True","True"
"sunset-tower-hotel","True","0","/hotel-hero-editorial.png","True","True"
"surfjack-hotel-swim-club","True","0","/hotel-hero-editorial.png","True","True"
"sutton-place-hotel-vancouver","True","0","/hotel-hero-editorial.png","True","True"
"swissotel-chicago","True","0","/hotel-hero-editorial.png","True","True"
"swissotel-nankai-osaka","True","0","/hotel-hero-editorial.png","True","True"
"swissotel-sydney","True","0","/hotel-hero-editorial.png","True","True"
"swissotel-the-bosphorus-istanbul","True","0","/hotel-hero-editorial.png","True","True"
"swissotel-the-stamford","True","0","/hotel-hero-editorial.png","True","True"
"taj-campton-place","True","0","/hotel-hero-editorial.png","True","True"
"taj-cape-town","True","0","/hotel-hero-editorial.png","True","True"
"tempo-by-hilton-new-york-times-square","True","0","/hotel-hero-editorial.png","True","True"
"terranea-resort","True","0","/hotel-hero-editorial.png","True","True"
"the-academy-london","True","0","/hotel-hero-editorial.png","True","True"
"the-alex-hotel","True","0","/hotel-hero-editorial.png","True","True"
"the-apurva-kempinski-bali","True","0","/hotel-hero-editorial.png","True","True"
"the-augustine-a-luxury-collection-hotel-prague","True","0","/hotel-hero-editorial.png","True","True"
"the-bank-hotel-istanbul","True","0","/hotel-hero-editorial.png","True","True"
"the-barcelona-edition","True","0","/hotel-hero-editorial.png","True","True"
"the-battery","True","0","/hotel-hero-editorial.png","True","True"
"the-beekman-a-thompson-hotel","True","0","/hotel-hero-editorial.png","True","True"
"the-berkeley","True","0","/hotel-hero-editorial.png","True","True"
"the-betsy-south-beach","True","0","/hotel-hero-editorial.png","True","True"
"the-beverly-hills-hotel","True","0","/hotel-hero-editorial.png","True","True"
"the-beverly-hilton","True","0","/hotel-hero-editorial.png","True","True"
"the-biltmore-hotel-miami-coral-gables","True","0","/hotel-hero-editorial.png","True","True"
"the-burrard","True","0","/hotel-hero-editorial.png","True","True"
"the-cape-milner","True","0","/hotel-hero-editorial.png","True","True"
"the-carlyle-a-rosewood-hotel","True","0","/hotel-hero-editorial.png","True","True"
"the-cellars-hohenort","True","0","/hotel-hero-editorial.png","True","True"
"the-chedi-andermatt","True","0","/hotel-hero-editorial.png","True","True"
"the-clan-hotel-singapore","True","0","/hotel-hero-editorial.png","True","True"
"the-clarence-hotel","True","0","/hotel-hero-editorial.png","True","True"
"the-clift-royal-sonesta-san-francisco","True","0","/hotel-hero-editorial.png","True","True"
"the-college-green-hotel-dublin","True","0","/hotel-hero-editorial.png","True","True"
"the-college-hotel-amsterdam","True","0","/hotel-hero-editorial.png","True","True"
"the-commodore-hotel","True","0","/hotel-hero-editorial.png","True","True"
"the-como-melbourne","True","0","/hotel-hero-editorial.png","True","True"
"the-confidante-miami-beach","True","0","/hotel-hero-editorial.png","True","True"
"the-connaught","True","0","/hotel-hero-editorial.png","True","True"
"the-convent-hotel","True","0","/hotel-hero-editorial.png","True","True"
"the-cosmopolitan-of-las-vegas","True","0","/hotel-hero-editorial.png","True","True"
"the-darling-at-the-star","True","0","/hotel-hero-editorial.png","True","True"
"the-davenport","True","0","/hotel-hero-editorial.png","True","True"
"the-dean-dublin","True","0","/hotel-hero-editorial.png","True","True"
"the-dolder-grand","True","0","/hotel-hero-editorial.png","True","True"
"the-dominick","True","0","/hotel-hero-editorial.png","True","True"
"the-dorchester","True","0","/hotel-hero-editorial.png","True","True"
"the-douglas-autograph-collection","True","0","/hotel-hero-editorial.png","True","True"
"the-drake-hotel","True","0","/hotel-hero-editorial.png","True","True"
"the-drake-hotel-chicago","True","0","/hotel-hero-editorial.png","True","True"
"the-dylan-amsterdam","True","0","/hotel-hero-editorial.png","True","True"
"the-emblem-hotel","True","0","/hotel-hero-editorial.png","True","True"
"the-fitzwilliam-hotel-dublin","True","0","/hotel-hero-editorial.png","True","True"
"the-fullerton-hotel-singapore","True","0","/hotel-hero-editorial.png","True","True"
"the-fullerton-hotel-sydney","True","0","/hotel-hero-editorial.png","True","True"
"the-gabriel-miami-south-beach","True","0","/hotel-hero-editorial.png","True","True"
"the-goring","True","0","/hotel-hero-editorial.png","True","True"
"the-grand-by-skycity","True","0","/hotel-hero-editorial.png","True","True"
"the-grand-mark-prague","True","0","/hotel-hero-editorial.png","True","True"
"the-greenwich-hotel","True","0","/hotel-hero-editorial.png","True","True"
"the-gresham-hotel","True","0","/hotel-hero-editorial.png","True","True"
"the-guesthouse-vienna","True","0","/hotel-hero-editorial.png","True","True"
"the-gwen-a-luxury-collection-hotel","True","0","/hotel-hero-editorial.png","True","True"
"the-harbour-grand-hong-kong","True","0","/hotel-hero-editorial.png","True","True"
"the-harmonie-vienna","True","0","/hotel-hero-editorial.png","True","True"
"the-hazelton-hotel","True","0","/hotel-hero-editorial.png","True","True"
"the-hollywood-roosevelt","True","0","/hotel-hero-editorial.png","True","True"
"the-home-hotel-z-rich","True","0","/hotel-hero-editorial.png","True","True"
"the-hotel-britomart","True","0","/hotel-hero-editorial.png","True","True"
"the-hotel-windsor","True","0","/hotel-hero-editorial.png","True","True"
"the-houghton-hotel","True","0","/hotel-hero-editorial.png","True","True"
"the-house-hotel-karakoy","True","0","/hotel-hero-editorial.png","True","True"
"the-hoxton-amsterdam","True","0","/hotel-hero-editorial.png","True","True"
"the-hoxton-chicago","True","0","/hotel-hero-editorial.png","True","True"
"the-hoxton-dtla","True","0","/hotel-hero-editorial.png","True","True"
"the-hoxton-paris","True","0","/hotel-hero-editorial.png","True","True"
"the-iveagh-garden-hotel","True","0","/hotel-hero-editorial.png","True","True"
"the-kahala-hotel-resort","True","0","/hotel-hero-editorial.png","True","True"
"the-landmark-london","True","0","/hotel-hero-editorial.png","True","True"
"the-landmark-mandarin-oriental","True","0","/hotel-hero-editorial.png","True","True"
"the-lanesborough","True","0","/hotel-hero-editorial.png","True","True"
"the-langham-chicago","True","0","/hotel-hero-editorial.png","True","True"
"the-langham-hong-kong","True","0","/hotel-hero-editorial.png","True","True"
"the-langham-huntington-pasadena","True","0","/hotel-hero-editorial.png","True","True"
"the-langham-london","True","0","/hotel-hero-editorial.png","True","True"
"the-langham-melbourne","True","0","/hotel-hero-editorial.png","True","True"
"the-langham-new-york-fifth-avenue","True","0","/hotel-hero-editorial.png","True","True"
"the-langham-sydney","True","0","/hotel-hero-editorial.png","True","True"
"the-laylow-autograph-collection","True","0","/hotel-hero-editorial.png","True","True"
"the-line-sf","True","0","/hotel-hero-editorial.png","True","True"
"the-london-edition","True","0","/hotel-hero-editorial.png","True","True"
"the-london-west-hollywood-at-beverly-hills","True","0","/hotel-hero-editorial.png","True","True"
"the-lowell","True","0","/hotel-hero-editorial.png","True","True"
"the-lumiares-hotel-spa","True","0","/hotel-hero-editorial.png","True","True"
"the-lyall-hotel-and-spa","True","0","/hotel-hero-editorial.png","True","True"
"the-majestic-hotel-kuala-lumpur","True","0","/hotel-hero-editorial.png","True","True"
"the-mandala-hotel","True","0","/hotel-hero-editorial.png","True","True"
"the-margi","True","0","/hotel-hero-editorial.png","True","True"
"the-mark-hotel","True","0","/hotel-hero-editorial.png","True","True"
"the-marker-hotel","True","0","/hotel-hero-editorial.png","True","True"
"the-maslow-hotel-sandton","True","0","/hotel-hero-editorial.png","True","True"
"the-mayson-dublin","True","0","/hotel-hero-editorial.png","True","True"
"the-merrion-hotel","True","0","/hotel-hero-editorial.png","True","True"
"the-miami-beach-edition","True","0","/hotel-hero-editorial.png","True","True"
"the-michelangelo-hotel","True","0","/hotel-hero-editorial.png","True","True"
"the-mira-hong-kong","True","0","/hotel-hero-editorial.png","True","True"
"the-mirage","True","0","/hotel-hero-editorial.png","True","True"
"the-modern-honolulu","True","0","/hotel-hero-editorial.png","True","True"
"the-modernist-athens","True","0","/hotel-hero-editorial.png","True","True"
"the-mont","True","0","/hotel-hero-editorial.png","True","True"
"the-morrison-dublin-curio-collection-by-hilton","True","0","/hotel-hero-editorial.png","True","True"
"the-mozart-prague","True","0","/hotel-hero-editorial.png","True","True"
"the-murray-hong-kong","True","0","/hotel-hero-editorial.png","True","True"
"the-ned-doha","True","0","/hotel-hero-editorial.png","True","True"
"the-ned-london","True","0","/hotel-hero-editorial.png","True","True"
"the-nile-ritz-carlton-cairo","True","0","/hotel-hero-editorial.png","True","True"
"the-oberoi-marrakech","True","0","/hotel-hero-editorial.png","True","True"
"the-okura-prestige-bangkok","True","0","/hotel-hero-editorial.png","True","True"
"the-okura-tokyo","True","0","/hotel-hero-editorial.png","True","True"
"the-old-clare-hotel","True","0","/hotel-hero-editorial.png","True","True"
"the-olsen-melbourne-art-series","True","0","/hotel-hero-editorial.png","True","True"
"the-olympian-hong-kong","True","0","/hotel-hero-editorial.png","True","True"
"the-omni-king-edward-hotel","True","0","/hotel-hero-editorial.png","True","True"
"the-one-barcelona","True","0","/hotel-hero-editorial.png","True","True"
"the-one-pal-cio-da-anunciada","True","0","/hotel-hero-editorial.png","True","True"
"the-palazzo-at-the-venetian-resort","True","0","/hotel-hero-editorial.png","True","True"
"the-pearl-marrakech","True","0","/hotel-hero-editorial.png","True","True"
"the-peech-hotel","True","0","/hotel-hero-editorial.png","True","True"
"the-peninsula-bangkok","True","0","/hotel-hero-editorial.png","True","True"
"the-peninsula-beverly-hills","True","0","/hotel-hero-editorial.png","True","True"
"the-peninsula-chicago","True","0","/hotel-hero-editorial.png","True","True"
"the-peninsula-hong-kong","True","0","/hotel-hero-editorial.png","True","True"
"the-peninsula-london","True","0","/hotel-hero-editorial.png","True","True"
"the-peninsula-new-york","True","0","/hotel-hero-editorial.png","True","True"
"the-peninsula-paris","True","0","/hotel-hero-editorial.png","True","True"
"the-peninsula-tokyo","True","0","/hotel-hero-editorial.png","True","True"
"the-plaza-new-york","True","0","/hotel-hero-editorial.png","True","True"
"the-plaza-seoul-autograph-collection","True","0","/hotel-hero-editorial.png","True","True"
"the-porter-house-hotel-sydney-mgallery","True","0","/hotel-hero-editorial.png","True","True"
"the-prince-hotel-melbourne","True","0","/hotel-hero-editorial.png","True","True"
"the-prince-park-tower-tokyo","True","0","/hotel-hero-editorial.png","True","True"
"the-ritz-carlton-abu-dhabi-grand-canal","True","0","/hotel-hero-editorial.png","True","True"
"the-ritz-carlton-bali","True","0","/hotel-hero-editorial.png","True","True"
"the-ritz-carlton-berlin","True","0","/hotel-hero-editorial.png","True","True"
"the-ritz-carlton-cancun","True","0","/hotel-hero-editorial.png","True","True"
"the-ritz-carlton-chicago","True","0","/hotel-hero-editorial.png","True","True"
"the-ritz-carlton-doha","True","0","/hotel-hero-editorial.png","True","True"
"the-ritz-carlton-dubai","True","0","/hotel-hero-editorial.png","True","True"
"the-ritz-carlton-hong-kong","True","0","/hotel-hero-editorial.png","True","True"
"the-ritz-carlton-istanbul","True","0","/hotel-hero-editorial.png","True","True"
"the-ritz-carlton-key-biscayne","True","0","/hotel-hero-editorial.png","True","True"
"the-ritz-carlton-kuala-lumpur","True","0","/hotel-hero-editorial.png","True","True"
"the-ritz-carlton-kyoto","True","0","/hotel-hero-editorial.png","True","True"
"the-ritz-carlton-los-angeles","True","0","/hotel-hero-editorial.png","True","True"
"the-ritz-carlton-madrid","True","0","/hotel-hero-editorial.png","True","True"
"the-ritz-carlton-melbourne","True","0","/hotel-hero-editorial.png","True","True"
"the-ritz-carlton-mexico-city","True","0","/hotel-hero-editorial.png","True","True"
"the-ritz-carlton-millenia-singapore","True","0","/hotel-hero-editorial.png","True","True"
"the-ritz-carlton-new-york-central-park","True","0","/hotel-hero-editorial.png","True","True"
"the-ritz-carlton-osaka","True","0","/hotel-hero-editorial.png","True","True"
"the-ritz-carlton-residences-waikiki-beach","True","0","/hotel-hero-editorial.png","True","True"
"the-ritz-carlton-san-francisco","True","0","/hotel-hero-editorial.png","True","True"
"the-ritz-carlton-santiago","True","0","/hotel-hero-editorial.png","True","True"
"the-ritz-carlton-south-beach","True","0","/hotel-hero-editorial.png","True","True"
"the-ritz-carlton-sydney","True","0","/hotel-hero-editorial.png","True","True"
"the-ritz-carlton-tokyo","True","0","/hotel-hero-editorial.png","True","True"
"the-ritz-carlton-toronto","True","0","/hotel-hero-editorial.png","True","True"
"the-ritz-carlton-vienna","True","0","/hotel-hero-editorial.png","True","True"
"the-ritz-london","True","0","/hotel-hero-editorial.png","True","True"
"the-ritz-paris","True","0","/hotel-hero-editorial.png","True","True"
"the-royal-hawaiian-a-luxury-collection-resort","True","0","/hotel-hero-editorial.png","True","True"
"the-royal-park-hotel-kyoto-sanjo","True","0","/hotel-hero-editorial.png","True","True"
"the-ruma-hotel-and-residences","True","0","/hotel-hero-editorial.png","True","True"
"the-savoy","True","0","/hotel-hero-editorial.png","True","True"
"the-sebel-auckland-manukau","True","0","/hotel-hero-editorial.png","True","True"
"the-setai-miami-beach","True","0","/hotel-hero-editorial.png","True","True"
"the-shelbourne-autograph-collection","True","0","/hotel-hero-editorial.png","True","True"
"the-shilla-seoul","True","0","/hotel-hero-editorial.png","True","True"
"the-siam","True","0","/hotel-hero-editorial.png","True","True"
"the-silo-hotel","True","0","/hotel-hero-editorial.png","True","True"
"the-singular-santiago","True","0","/hotel-hero-editorial.png","True","True"
"the-spencer-hotel","True","0","/hotel-hero-editorial.png","True","True"
"the-st-regis-abu-dhabi","True","0","/hotel-hero-editorial.png","True","True"
"the-st-regis-bali-resort","True","0","/hotel-hero-editorial.png","True","True"
"the-st-regis-bangkok","True","0","/hotel-hero-editorial.png","True","True"
"the-st-regis-cairo","True","0","/hotel-hero-editorial.png","True","True"
"the-st-regis-doha","True","0","/hotel-hero-editorial.png","True","True"
"the-st-regis-istanbul","True","0","/hotel-hero-editorial.png","True","True"
"the-st-regis-kuala-lumpur","True","0","/hotel-hero-editorial.png","True","True"
"the-st-regis-mexico-city","True","0","/hotel-hero-editorial.png","True","True"
"the-st-regis-new-york","True","0","/hotel-hero-editorial.png","True","True"
"the-st-regis-rome","True","0","/hotel-hero-editorial.png","True","True"
"the-st-regis-san-francisco","True","0","/hotel-hero-editorial.png","True","True"
"the-st-regis-singapore","True","0","/hotel-hero-editorial.png","True","True"
"the-st-regis-toronto","True","0","/hotel-hero-editorial.png","True","True"
"the-standard-bangkok-mahanakhon","True","0","/hotel-hero-editorial.png","True","True"
"the-standard-high-line","True","0","/hotel-hero-editorial.png","True","True"
"the-standard-spa-miami-beach","True","0","/hotel-hero-editorial.png","True","True"
"the-stanley-athens","True","0","/hotel-hero-editorial.png","True","True"
"the-table-bay-hotel","True","0","/hotel-hero-editorial.png","True","True"
"the-thousand-kyoto","True","0","/hotel-hero-editorial.png","True","True"
"the-tokyo-station-hotel","True","0","/hotel-hero-editorial.png","True","True"
"the-twelve-apostles-hotel-and-spa","True","0","/hotel-hero-editorial.png","True","True"
"the-twin-fin-hotel","True","0","/hotel-hero-editorial.png","True","True"
"the-upper-house","True","0","/hotel-hero-editorial.png","True","True"
"the-venetian-resort-las-vegas","True","0","/hotel-hero-editorial.png","True","True"
"the-victoria-hotel-melbourne","True","0","/hotel-hero-editorial.png","True","True"
"the-westbury","True","0","/hotel-hero-editorial.png","True","True"
"the-westin-bayshore-vancouver","True","0","/hotel-hero-editorial.png","True","True"
"the-westin-cape-town","True","0","/hotel-hero-editorial.png","True","True"
"the-westin-excelsior-rome","True","0","/hotel-hero-editorial.png","True","True"
"the-westin-grand-berlin","True","0","/hotel-hero-editorial.png","True","True"
"the-westin-harbour-castle","True","0","/hotel-hero-editorial.png","True","True"
"the-westin-josun-seoul","True","0","/hotel-hero-editorial.png","True","True"
"the-westin-kuala-lumpur","True","0","/hotel-hero-editorial.png","True","True"
"the-westin-melbourne","True","0","/hotel-hero-editorial.png","True","True"
"the-westin-miyako-kyoto","True","0","/hotel-hero-editorial.png","True","True"
"the-westin-osaka","True","0","/hotel-hero-editorial.png","True","True"
"the-westin-palace-madrid","True","0","/hotel-hero-editorial.png","True","True"
"the-westin-palace-milan","True","0","/hotel-hero-editorial.png","True","True"
"the-westin-st-francis-san-francisco-on-union-square","True","0","/hotel-hero-editorial.png","True","True"
"the-whitby-hotel","True","0","/hotel-hero-editorial.png","True","True"
"the-winchester-boutique-hotel","True","0","/hotel-hero-editorial.png","True","True"
"tivoli-avenida-liberdade-lisboa","True","0","/hotel-hero-editorial.png","True","True"
"tivoli-doelen-amsterdam-hotel","True","0","/hotel-hero-editorial.png","True","True"
"tivoli-mofarrej-sao-paulo","True","0","/hotel-hero-editorial.png","True","True"
"traders-hotel-kuala-lumpur","True","0","/hotel-hero-editorial.png","True","True"
"trafalgar-st-james-london","True","0","/hotel-hero-editorial.png","True","True"
"transamerica-executive-faria-lima","True","0","/hotel-hero-editorial.png","True","True"
"triumph-luxury-hotel","True","0","/hotel-hero-editorial.png","True","True"
"trump-international-hotel-waikiki","True","0","/hotel-hero-editorial.png","True","True"
"umbral-curio-collection-by-hilton","True","0","/hotel-hero-editorial.png","True","True"
"verride-santa-catarina-palace","True","0","/hotel-hero-editorial.png","True","True"
"viceroy-chicago","True","0","/hotel-hero-editorial.png","True","True"
"viceroy-riviera-maya","True","0","/hotel-hero-editorial.png","True","True"
"viceroy-santa-monica","True","0","/hotel-hero-editorial.png","True","True"
"victoria-alfred-hotel","True","0","/hotel-hero-editorial.png","True","True"
"virgin-hotels-chicago","True","0","/hotel-hero-editorial.png","True","True"
"vp-plaza-espa-a-design","True","0","/hotel-hero-editorial.png","True","True"
"w-abu-dhabi-yas-island","True","0","/hotel-hero-editorial.png","True","True"
"w-amsterdam","True","0","/hotel-hero-editorial.png","True","True"
"w-barcelona","True","0","/hotel-hero-editorial.png","True","True"
"w-doha","True","0","/hotel-hero-editorial.png","True","True"
"w-hong-kong","True","0","/hotel-hero-editorial.png","True","True"
"w-istanbul","True","0","/hotel-hero-editorial.png","True","True"
"w-kuala-lumpur","True","0","/hotel-hero-editorial.png","True","True"
"w-melbourne","True","0","/hotel-hero-editorial.png","True","True"
"w-mexico-city","True","0","/hotel-hero-editorial.png","True","True"
"w-osaka","True","0","/hotel-hero-editorial.png","True","True"
"w-rome","True","0","/hotel-hero-editorial.png","True","True"
"w-santiago","True","0","/hotel-hero-editorial.png","True","True"
"w-singapore-sentosa-cove","True","0","/hotel-hero-editorial.png","True","True"
"w-south-beach","True","0","/hotel-hero-editorial.png","True","True"
"w-sydney","True","0","/hotel-hero-editorial.png","True","True"
"w-toronto","True","0","/hotel-hero-editorial.png","True","True"
"waikiki-beach-marriott-resort-spa","True","0","/hotel-hero-editorial.png","True","True"
"waldorf-astoria-amsterdam","True","0","/hotel-hero-editorial.png","True","True"
"waldorf-astoria-bangkok","True","0","/hotel-hero-editorial.png","True","True"
"waldorf-astoria-berlin","True","0","/hotel-hero-editorial.png","True","True"
"waldorf-astoria-beverly-hills","True","0","/hotel-hero-editorial.png","True","True"
"waldorf-astoria-chicago","True","0","/hotel-hero-editorial.png","True","True"
"waldorf-astoria-dubai-palm-jumeirah","True","0","/hotel-hero-editorial.png","True","True"
"waldorf-astoria-las-vegas","True","0","/hotel-hero-editorial.png","True","True"
"waldorf-astoria-london-admiralty-arch","True","0","/hotel-hero-editorial.png","True","True"
"waldorf-astoria-lusail-doha","True","0","/hotel-hero-editorial.png","True","True"
"waldorf-hilton-london","True","0","/hotel-hero-editorial.png","True","True"
"wedgewood-hotel-spa","True","0","/hotel-hero-editorial.png","True","True"
"widder-hotel","True","0","/hotel-hero-editorial.png","True","True"
"windsor-barra-hotel","True","0","/hotel-hero-editorial.png","True","True"
"windsor-california-copacabana","True","0","/hotel-hero-editorial.png","True","True"
"wyndham-grand-athens","True","0","/hotel-hero-editorial.png","True","True"
"wynn-las-vegas","True","0","/hotel-hero-editorial.png","True","True"
"yoo2-rio-de-janeiro-by-intercity","True","0","/hotel-hero-editorial.png","True","True"
